sequence_id,mixture_id
Q000001,MD00001
Q000002,MD00001
Q000003,MD00001
Q000004,MD00001
Q000005,MD00002
Q000006,MD00002
Q000007,MD00002
Q000008,MD00002
Q000009,MD00003
Q000010,MD00003
Q000011,M00017
Q000015,MD00001
Q000016,MD00001
